[
null,
{"id":1,"expanded":true,"name":"VillageStart","order":1,"parentId":0,"scrollX":2654.6666666666665,"scrollY":647.3333333333334},
{"id":2,"expanded":false,"name":"Armurerie","order":2,"parentId":1,"scrollX":720,"scrollY":407.3333333333333},
{"id":3,"expanded":false,"name":"Auberge 1F","order":9,"parentId":0,"scrollX":747.75,"scrollY":488.25},
{"id":4,"expanded":false,"name":"Auberge 2F","order":10,"parentId":0,"scrollX":997,"scrollY":651},
{"id":5,"expanded":false,"name":"Auberge","order":3,"parentId":1,"scrollX":1329.75,"scrollY":476.25},
{"id":6,"expanded":false,"name":"AubergeEtage","order":4,"parentId":1,"scrollX":854.5714285714286,"scrollY":558},
{"id":7,"expanded":false,"name":"Eglise","order":5,"parentId":1,"scrollX":854.5714285714286,"scrollY":558},
{"id":8,"expanded":false,"name":"Maison1","order":6,"parentId":1,"scrollX":720,"scrollY":407.3333333333333},
{"id":9,"expanded":false,"name":"Maison2","order":7,"parentId":1,"scrollX":720,"scrollY":407.3333333333333},
{"id":10,"expanded":false,"name":"Maison3","order":8,"parentId":1,"scrollX":720,"scrollY":407.3333333333333}
]