[
null,
{"id":1,"expanded":true,"name":"VillageStart","order":1,"parentId":0,"scrollX":911.9999999999999,"scrollY":509.99999999999994},
{"id":2,"expanded":false,"name":"Armurerie","order":2,"parentId":1,"scrollX":832,"scrollY":640},
{"id":3,"expanded":false,"name":"Auberge 1F","order":4,"parentId":0,"scrollX":925.7142857142857,"scrollY":523.7142857142857},
{"id":4,"expanded":false,"name":"Auberge 2F","order":5,"parentId":0,"scrollX":925.7142857142857,"scrollY":523.7142857142857},
{"id":5,"expanded":false,"name":"Auberge","order":3,"parentId":1,"scrollX":926,"scrollY":624}
]